{"mean":[6.671045780181885,1889.7054443359375,11.2698335647583,4.141991138458252,4.962607383728027,62.384037017822266,63.98837661743164,10.398686408996582,1.6293916702270508,2.7071309089660645,0.029092133045196533,0.09612191468477249,13.563156127929688,-0.26249924302101135,0.6946885585784912,1.349076271057129,0.12336371093988419,0.09263355284929276,0.11681372672319412,1.618292212486267],"std":[3.0209715366363525,927.5814208984375,1.793524146080017,2.092250347137451,2.0265073776245117,14.858924865722656,26.684520721435547,35.98945999145508,2.635833740234375,5.231390476226807,0.07313600182533264,0.17539922893047333,23.723169326782227,16.689220428466797,2.006740093231201,2.5502917766571045,0.07240303605794907,0.22139887511730194,0.1942070722579956,2.69850492477417],"featureKeys":["going_encoded","distance_meters","field_size","race_class","horse_age","weight_kg","or_rating","days_since_last_run","avg_position","position_variance","win_rate","place_rate","avg_or_rating","or_trend","going_performance","distance_performance","jockey_win_rate","jockey_horse_win_rate","jockey_course_win_rate","recent_form"]}