{"mean":[6.593500137329102,1896.52001953125,11.258999824523926,4.125500202178955,4.808499813079834,62.27040100097656,64.02400207519531,8.818499565124512,11.12633228302002,9.038799285888672,0.10913725197315216,0.32937175035476685,42.98657989501953,19.876689910888672,0,17.97454261779785,0.1250065118074417,0.09375136345624924,0.11781597137451172,11.200407981872559],"std":[2.9833316802978516,931.6044921875,1.8069086074829102,2.1068363189697266,1.9994555711746216,14.669376373291016,26.23892593383789,67.87892150878906,22.541547775268555,7.596839904785156,0.11754435300827026,0.20558463037014008,22.184799194335938,21.68221092224121,1e-7,32.3481559753418,0.054485879838466644,0.2192365527153015,0.14460892975330353,22.556697845458984],"featureKeys":["going_encoded","distance_meters","field_size","race_class","horse_age","weight_kg","or_rating","days_since_last_run","avg_position","position_variance","win_rate","place_rate","avg_or_rating","or_trend","going_performance","distance_performance","jockey_win_rate","jockey_horse_win_rate","jockey_course_win_rate","recent_form"]}