{"mean":[6.5970001220703125,1894.1064453125,11.272000312805176,4.120999813079834,4.947500228881836,62.32685089111328,64.25199890136719,10.482000350952148,12.18019962310791,8.591499328613281,0.1051802933216095,0.3155423104763031,41.20543670654297,19.012413024902344,54.45367431640625,21.175251007080078,0.1211378276348114,0.09011831134557724,0.11408267915248871,12.2416410446167],"std":[2.998260974884033,921.7315673828125,1.7866219282150269,2.08982253074646,2.0143837928771973,14.725314140319824,26.8021297454834,74.69713592529297,24.687894821166992,7.17000150680542,0.11728904396295547,0.2099524587392807,24.03827667236328,22.476585388183594,47.15842819213867,35.65735626220703,0.06770206242799759,0.2188740223646164,0.18388958275318146,24.700864791870117],"featureKeys":["going_encoded","distance_meters","field_size","race_class","horse_age","weight_kg","or_rating","days_since_last_run","avg_position","position_variance","win_rate","place_rate","avg_or_rating","or_trend","going_performance","distance_performance","jockey_win_rate","jockey_horse_win_rate","jockey_course_win_rate","recent_form"]}