{"mean":[3.9124796390533447,1768.1182861328125,11.312804222106934,3.669367790222168,4.559157371520996,61.83591842651367,44.15073013305664,0,5.143764972686768,6.626340389251709,0.07585445791482925,0.24004098773002625,29.738109588623047,-3.240544557571411,1.793503761291504,3.7806572914123535,0.11555813252925873,0.07439872622489929,0.09896426647901535,5.227283477783203],"std":[0.4091225862503052,880.9795532226562,1.9659267663955688,2.4317429065704346,2.0065088272094727,11.583943367004395,33.86805725097656,9.99999993922529e-9,2.9155547618865967,7.2713823318481445,0.1231202483177185,0.23907989263534546,25.9278564453125,22.85413932800293,2.8510727882385254,3.2374045848846436,0.11501531302928925,0.20731504261493683,0.22106830775737762,3.1476080417633057],"featureKeys":["going_encoded","distance_meters","field_size","race_class","horse_age","weight_kg","or_rating","days_since_last_run","avg_position","position_variance","win_rate","place_rate","avg_or_rating","or_trend","going_performance","distance_performance","jockey_win_rate","jockey_horse_win_rate","jockey_course_win_rate","recent_form"]}