{"mean":[6.593500137329102,1896.3184814453125,11.258500099182129,4.124499797821045,4.809500217437744,62.270626068115234,64.02950286865234,8.847999572753906,11.217853546142578,9.035355567932129,0.10905224084854126,0.3292575478553772,42.9511604309082,19.857954025268555,0,18.19805145263672,0.1251857429742813,0.09379700571298599,0.11839372664690018,11.290773391723633],"std":[2.9833316802978516,931.623779296875,1.8068422079086304,2.1064164638519287,1.9985510110855103,14.669315338134766,26.237146377563477,67.88782501220703,22.711761474609375,7.615868091583252,0.11734319478273392,0.2058311402797699,22.23700523376465,21.693883895874023,1e-7,32.59764099121094,0.05464526265859604,0.21932606399059296,0.14520974457263947,22.72699546813965],"featureKeys":["going_encoded","distance_meters","field_size","race_class","horse_age","weight_kg","or_rating","days_since_last_run","avg_position","position_variance","win_rate","place_rate","avg_or_rating","or_trend","going_performance","distance_performance","jockey_win_rate","jockey_horse_win_rate","jockey_course_win_rate","recent_form"]}