{"mean":[6.53849983215332,1885.553466796875,11.23799991607666,4.093999862670898,4.8979997634887695,62.239105224609375,63.82600021362305,10.413999557495117,12.684529304504395,8.746526718139648,0.10694570094347,0.3198963701725006,41.7988395690918,19.392602920532227,54.55850601196289,21.673288345336914,0.12047254294157028,0.0899006575345993,0.11244747787714005,12.75615119934082],"std":[2.972126007080078,914.1055908203125,1.7864365577697754,2.1050302982330322,1.9881136417388916,14.696385383605957,27.15267562866211,72.35123443603516,25.325851440429688,7.258631229400635,0.11769751459360123,0.20822983980178833,23.665563583374023,22.390920639038086,47.046546936035156,35.9788818359375,0.06641042977571487,0.2195611298084259,0.18121397495269775,25.33445167541504],"featureKeys":["going_encoded","distance_meters","field_size","race_class","horse_age","weight_kg","or_rating","days_since_last_run","avg_position","position_variance","win_rate","place_rate","avg_or_rating","or_trend","going_performance","distance_performance","jockey_win_rate","jockey_horse_win_rate","jockey_course_win_rate","recent_form"]}