{"mean":[6.584499835968018,1897.72705078125,11.256500244140625,4.120999813079834,4.808000087738037,62.27629852294922,64.04650115966797,8.818499565124512,11.128283500671387,9.039708137512207,0.10883589088916779,0.32903534173965454,43.08183288574219,19.803930282592773,0,17.881065368652344,0.12520907819271088,0.09298747032880783,0.11750134825706482,11.198776245117188],"std":[2.9770610332489014,932.056640625,1.80491042137146,2.1079273223876953,1.997533917427063,14.6708345413208,26.244897842407227,67.87891387939453,22.540924072265625,7.579345703125,0.1168631762266159,0.20512235164642334,22.179391860961914,21.629220962524414,1e-7,32.24855422973633,0.05481072887778282,0.216969296336174,0.14401011168956757,22.557321548461914],"featureKeys":["going_encoded","distance_meters","field_size","race_class","horse_age","weight_kg","or_rating","days_since_last_run","avg_position","position_variance","win_rate","place_rate","avg_or_rating","or_trend","going_performance","distance_performance","jockey_win_rate","jockey_horse_win_rate","jockey_course_win_rate","recent_form"]}