{"mean":[6.590000152587891,1897.324462890625,11.259499549865723,4.121500015258789,4.814499855041504,62.293312072753906,64.04149627685547,9.279500007629395,11.549959182739258,9.030960083007812,0.10893071442842484,0.3283415734767914,42.679039001464844,19.91048812866211,0,18.85565948486328,0.1239691898226738,0.09353075176477432,0.11734312027692795,11.62299633026123],"std":[2.9805843830108643,932.5935668945312,1.807252049446106,2.1092047691345215,2.0012710094451904,14.67991828918457,26.244611740112305,68.98645782470703,23.292572021484375,7.711151599884033,0.11745248734951019,0.2067089080810547,22.422950744628906,21.86383056640625,1e-7,33.26719665527344,0.05692841112613678,0.22143059968948364,0.14753928780555725,23.306556701660156],"featureKeys":["going_encoded","distance_meters","field_size","race_class","horse_age","weight_kg","or_rating","days_since_last_run","avg_position","position_variance","win_rate","place_rate","avg_or_rating","or_trend","going_performance","distance_performance","jockey_win_rate","jockey_horse_win_rate","jockey_course_win_rate","recent_form"]}