{"mean":[4,1886.5565185546875,11.43850040435791,4.177999973297119,5.105000019073486,61.423866271972656,61.21900177001953,45.10900115966797,5.202168941497803,8.83301830291748,0.10012378543615341,0.30668509006500244,39.72666549682617,-2.368664503097534,2.0916061401367188,4.174754619598389,0.12171012163162231,0.08348900824785233,0.11958126723766327,5.2692155838012695],"std":[1e-7,987.9891357421875,1.881015419960022,2.1562275886535645,2.0705015659332275,6.003889083862305,26.948427200317383,76.34678649902344,2.0197787284851074,8.21793270111084,0.12188420444726944,0.2148503065109253,23.72405242919922,28.20024871826172,2.9432270526885986,2.807183027267456,0.0590127632021904,0.2082507163286209,0.17703746259212494,2.4045703411102295],"featureKeys":["going_encoded","distance_meters","field_size","race_class","horse_age","weight_kg","or_rating","days_since_last_run","avg_position","position_variance","win_rate","place_rate","avg_or_rating","or_trend","going_performance","distance_performance","jockey_win_rate","jockey_horse_win_rate","jockey_course_win_rate","recent_form"]}