{"mean":[4.458000183105469,1897.2259521484375,11.432499885559082,4.1875,5.11899995803833,61.50028991699219,61.66600036621094,46.90250015258789,5.4332780838012695,9.308320999145508,0.10629014670848846,0.32350385189056396,42.081321716308594,-2.336824417114258,2.2223002910614014,4.385415077209473,0.12299926578998566,0.08356572687625885,0.12200284749269485,5.512531280517578],"std":[2.1289024353027344,1001.0753173828125,1.8847918510437012,2.142742156982422,2.046909809112549,6.161913871765137,26.938899993896484,77.23381805419922,1.6999869346618652,8.12442684173584,0.12212581932544708,0.20784810185432434,22.5087833404541,28.94961929321289,2.978760004043579,2.7118992805480957,0.06435863673686981,0.21011166274547577,0.19221138954162598,2.165485143661499],"featureKeys":["going_encoded","distance_meters","field_size","race_class","horse_age","weight_kg","or_rating","days_since_last_run","avg_position","position_variance","win_rate","place_rate","avg_or_rating","or_trend","going_performance","distance_performance","jockey_win_rate","jockey_horse_win_rate","jockey_course_win_rate","recent_form"]}