{"mean":[6.5960001945495605,1893.603515625,11.263999938964844,4.119999885559082,4.946499824523926,62.31755447387695,64.1500015258789,10.482000350952148,12.180198669433594,8.591499328613281,0.1051802858710289,0.3155423104763031,41.205440521240234,19.012413024902344,54.453670501708984,21.175251007080078,0.1210382953286171,0.09094330668449402,0.11388017982244492,12.241641998291016],"std":[2.998964309692383,922.006591796875,1.7886602878570557,2.0910775661468506,2.0175817012786865,14.727943420410156,26.869827270507812,74.69707489013672,24.687894821166992,7.17000150680542,0.11728906631469727,0.2099524587392807,24.03827476501465,22.476585388183594,47.15842819213867,35.65735626220703,0.06661795824766159,0.22035397589206696,0.18271026015281677,24.700868606567383],"featureKeys":["going_encoded","distance_meters","field_size","race_class","horse_age","weight_kg","or_rating","days_since_last_run","avg_position","position_variance","win_rate","place_rate","avg_or_rating","or_trend","going_performance","distance_performance","jockey_win_rate","jockey_horse_win_rate","jockey_course_win_rate","recent_form"]}